2-letter codes,3-letter country codes,アシタバ,アスパラガス,アズキ,アピオス,アロエベラ,アーティチョーク,イノンド,ウイキョウ,オクラ,オランダイチゴ,オレガノ,カブ,カボチャ,カミツレ,カリフラワー,キクイモ,キュウリ,クウシンサイ,コリアンダー,ゴボウ,ゴーヤ,サツマイモ,サフラン,シュンギク,ショウガ,スイカ,セロリ,センジュギク,チコリ,チョウマメ,チンゲンサイ,トウガラシ,トマト,ナス,ニラ,ニンジン,ニンニク,ハヤトウリ,パセリ,ヒヨコマメ,ブロッコリー,ホウレンソウ,ミョウガ,メボウキ,モロヘイヤ,ヤーコン,ユキノシタ,ラッカセイ,ルッコラ,レモングラス
AD,AND,0,0,0,0,0,0,0,3,0,0,50,0,0,5,0,6,0,0,1,0,0,0,0,0,0,0,0,0,3,0,0,0,3,0,0,24,0,0,9,0,0,0,0,0,0,0,0,0,1,0
AE,ARE,0,0,0,0,5,0,0,0,0,0,0,0,0,0,0,0,1,1,0,0,0,1,0,1,0,1,1,1,0,4,0,1,0,2,0,0,0,0,0,0,0,0,0,3,1,0,0,0,0,0
AF,AFG,0,37,13,0,0,0,32,139,7,0,8,0,166,0,518,74,2006,2,38,6,0,2140,0,0,0,1316,18,0,32,0,46,2263,11135,371,25,972,195,0,0,9791,34,527,0,5,4,0,0,2595,110,0
AG,ATG,0,0,0,0,3,0,0,1,0,0,0,0,0,0,0,0,0,0,0,0,5,2,0,0,0,2,0,0,0,8,0,3,1,0,0,0,0,0,0,0,0,0,0,0,0,0,0,1,0,4
AI,AIA,0,0,0,0,1,0,0,0,0,0,0,0,0,0,0,0,0,0,0,0,4,9,0,0,0,0,0,0,0,4,0,3,2,5,0,0,0,0,0,0,0,0,0,1,0,0,0,1,0,0
AL,ALB,0,2,0,0,0,0,5,23,0,0,115,0,20,16,0,6,27,0,0,0,0,0,0,0,0,56,3,2,54,0,0,251,199,0,0,39,33,0,13,40,0,38,0,25,0,0,1,0,0,0
AM,ARM,0,65,0,0,0,0,24,7,2,5,49,0,37,5,2,2,243,0,50,19,0,0,0,1,0,223,11,10,66,0,0,1047,716,854,1,166,11,0,5,272,0,5,0,27,0,0,0,3,0,1
AO,AGO,0,1,0,0,0,0,0,3,1,0,0,0,4,0,0,0,0,6,3,0,65,17,0,0,0,50,0,2,0,53,0,22,11,4,0,0,0,0,0,3,0,0,0,9,13,0,0,26,0,1
AQ,ATA,0,0,0,0,0,0,0,0,0,0,0,0,0,0,0,0,0,0,0,0,0,0,0,0,0,0,0,0,0,0,0,0,1,0,0,0,0,0,0,0,0,0,0,0,0,0,0,0,0,0
AR,ARG,0,101,0,0,5,1,14,183,1,0,14,0,269,136,1,30,14,0,107,2,44,407,0,2,0,315,80,13,377,135,0,185,533,6,0,55,64,0,66,2,0,0,0,9,2,4,1,3110,21,6
AS,ASM,0,0,0,0,0,0,0,0,0,0,0,0,0,0,0,0,0,0,0,0,7,1,0,0,0,2,0,0,0,0,0,3,0,0,0,0,0,0,0,0,0,0,0,0,0,0,0,0,0,1
AT,AUT,0,276,0,4,1,0,129,144,0,5,4626,0,7,623,8,525,156,0,163,856,0,0,4,165,0,63,129,73,1522,0,28,213,432,4,20,2429,133,0,113,20,0,36,0,17,0,4,10,0,3,1
AU,AUS,0,1531,0,0,101,0,41,5794,1,0,30,0,10,44,35,81,33,845,67,24,242,220,0,51,20,966,467,80,1415,1075,6,251,847,95,18,1514,12,0,138,182,0,30,0,71,342,6,4,246,53,12
AW,ABW,0,1,0,0,18,0,0,0,0,0,0,0,0,0,0,0,0,2,0,0,2,0,0,0,0,2,0,0,0,1,0,0,0,1,1,0,0,0,0,0,0,0,0,1,0,0,0,3,0,1
AX,ALA,0,1,0,0,0,0,2,0,0,0,528,0,0,60,0,1,0,0,0,17,0,0,0,0,0,5,0,0,20,0,0,2,11,0,0,31,1,0,3,0,0,0,0,0,0,0,0,0,2,0
AZ,AZE,0,115,0,0,0,0,71,53,1,0,50,0,30,5,0,4,58,0,70,11,0,0,1,0,0,215,21,4,92,0,0,51,164,76,0,212,21,0,4,466,0,46,0,41,0,0,0,34,3,0
BA,BIH,0,0,0,0,0,0,3,11,0,0,42,0,0,1,0,10,1,0,2,4,0,0,0,0,0,1,3,1,37,0,0,1,4,0,0,16,27,0,4,0,0,6,0,0,0,0,0,0,0,0
BB,BRB,0,0,0,0,12,0,0,2,0,0,0,0,0,0,0,0,1,0,0,0,4,11,0,0,4,0,0,1,0,10,0,1,2,0,0,0,0,0,0,0,0,0,0,0,0,0,0,18,0,2
BD,BGD,0,0,0,0,0,0,3,1,0,0,0,0,300,0,0,0,95,17,4,0,4,6,0,0,0,8,0,0,0,24,1,59,31,753,0,0,26,0,0,460,0,8,0,1,3,0,0,29,0,0
BE,BEL,0,3387,0,1,4,51,364,3496,0,4,9045,0,21,22421,18,1153,20,2,418,3749,1,6,2,856,1,106,863,85,3566,1,2,41,2042,3,3,31142,11,0,322,26,0,121,1,18,12,1,5,9,57,1
BF,BFA,0,0,0,0,1,0,0,0,9,0,0,0,12,0,0,0,0,133,0,0,19,4,0,0,1,86,0,0,0,16,0,21,15,21,0,0,0,0,0,0,0,0,0,18,228,0,0,386,0,5
BG,BGR,0,12,0,0,0,1,34,71,10,2,69,0,36,32,7,19,239,0,9,14,0,0,3,0,0,229,26,12,162,0,0,1458,1150,58,0,177,324,0,48,598,0,20,0,22,0,0,0,857,0,0
BH,BHR,0,0,0,0,1,0,2,0,0,0,0,0,0,0,0,0,0,0,0,0,0,0,0,0,0,1,1,0,0,0,0,0,1,0,0,1,0,0,0,0,0,0,0,0,0,0,0,0,0,0
BI,BDI,0,0,0,0,0,0,0,2,0,0,0,0,0,0,0,0,0,6,0,0,11,36,0,0,0,27,0,0,0,20,0,0,7,18,0,2,0,0,0,0,0,0,0,8,17,0,0,39,1,0
BJ,BEN,0,0,0,0,3,0,0,0,58,0,0,0,42,0,0,0,2,435,2,0,750,87,0,0,10,167,0,17,0,122,0,94,41,57,0,3,0,0,0,0,0,0,0,169,361,0,0,79,0,58
BL,BLM,0,0,0,0,4,0,0,4,0,0,0,0,2,0,0,0,3,0,0,0,4,2,0,0,0,3,0,0,2,9,0,2,2,3,0,0,0,0,0,0,0,0,0,4,0,0,0,2,0,2
BM,BMU,0,0,0,0,5,0,0,20,0,0,0,0,0,0,0,1,0,0,0,0,7,6,0,0,0,0,2,0,7,0,0,1,1,2,0,0,0,0,5,0,0,0,0,0,0,0,1,0,0,0
BN,BRN,0,0,0,0,0,0,0,0,0,0,0,0,0,0,0,0,1,2,0,0,0,0,0,0,0,0,0,0,0,5,0,0,1,1,0,0,0,0,0,0,0,0,0,0,0,0,0,0,0,0
BO,BOL,0,7,0,0,14,1,2,10,0,0,1,0,80,15,0,2,18,0,5,1,87,354,0,5,4,40,1,14,3,74,0,68,506,0,1,11,2,0,20,4,0,0,0,4,0,21,0,2306,0,2
BQ,BES,0,0,0,0,47,0,0,11,0,0,0,0,0,0,0,0,0,0,0,0,40,5,0,0,3,1,0,0,0,8,0,8,12,10,1,0,0,0,0,0,0,0,0,3,1,0,0,1,0,2
BR,BRA,0,78,6,0,186,62,130,897,34,44,224,0,155,534,19,11,133,29,362,97,2468,1547,2,7,167,563,72,430,136,8644,6,511,1000,154,15,219,163,22,390,25,11,41,0,933,60,45,14,3188,2,534
BS,BHS,0,0,0,0,13,0,18,2,0,0,0,0,4,0,0,0,1,0,0,0,19,28,0,0,0,2,0,1,0,19,0,42,17,0,0,0,0,0,0,0,0,0,0,2,2,0,0,4,0,1
BT,BTN,0,1,4,0,1,0,1,1,0,0,14,0,1,0,2,1,34,1,21,4,4,3,0,1,1,3,7,11,0,5,4,103,9,9,0,0,29,0,1,3,0,0,0,1,0,0,2,1,0,1
BV,BVT,0,0,0,0,0,0,0,0,0,0,0,0,0,0,0,0,0,0,0,0,0,0,0,0,0,0,0,0,0,0,0,0,0,0,0,0,0,0,0,0,0,0,0,0,0,0,0,0,0,0
BW,BWA,0,0,0,0,0,0,1,2,0,0,0,0,6,0,0,0,0,5,0,0,1,0,0,0,0,214,1,0,0,4,0,0,1,0,0,6,0,0,0,0,0,0,0,0,7,0,0,24,0,0
BY,BLR,0,92,0,0,0,0,18,1,0,0,95,0,0,19,0,139,8,0,18,48,0,0,0,0,0,4,0,13,453,0,1,7,80,0,0,207,11,0,6,1,0,0,0,1,0,0,0,1,1,0
BZ,BLZ,0,0,0,0,1,0,0,0,0,0,0,0,19,0,0,0,0,3,0,0,54,37,0,0,6,5,0,6,0,56,0,46,4,0,0,0,0,0,0,0,0,0,0,0,0,0,0,3,0,2
CA,CAN,0,1647,0,1142,0,1,51,337,0,19,698,0,14,121,5,701,303,0,46,1165,0,5,1,5,0,74,6,23,6780,0,0,115,1932,112,75,8473,61,0,28,56,9,17,0,19,0,0,6,18,26,0
CC,CCK,0,0,0,0,0,0,0,0,0,0,0,0,0,0,0,0,0,0,0,0,0,0,0,0,0,0,0,0,0,0,0,0,0,0,0,0,0,0,0,0,0,0,0,0,0,0,0,0,0,0
CD,COD,0,0,0,0,8,0,0,4,1,0,0,0,33,1,0,2,20,80,3,0,217,129,0,0,7,112,0,37,11,115,0,59,120,21,0,6,0,0,0,5,0,2,0,38,167,0,0,86,0,6
CF,CAF,0,0,0,0,0,0,0,0,5,0,0,0,0,0,0,0,5,7,0,0,1,12,0,0,0,10,0,0,0,1,0,8,0,2,0,0,0,0,0,0,0,0,0,6,24,0,0,142,0,1
CG,COG,0,0,0,0,0,0,0,0,0,0,0,0,2,0,0,0,1,3,0,0,5,9,0,0,0,9,0,2,0,1,0,4,4,1,0,0,0,0,0,0,0,0,0,2,3,0,0,68,0,0
CH,CHE,0,1368,0,19,0,4,155,382,0,11,19362,0,3,3708,24,346,43,0,210,2225,1,1,51,125,0,16,156,44,5730,1,0,43,655,9,1,22135,51,0,202,51,0,42,0,21,3,0,83,2,157,0
CI,CIV,0,0,0,0,0,0,0,0,9,0,0,0,0,0,0,0,5,33,0,0,35,27,0,0,1,14,0,1,1,16,0,47,6,93,0,0,0,0,0,0,0,0,0,10,22,0,0,226,0,2
CK,COK,0,0,0,0,0,0,0,2,0,0,0,0,1,0,0,0,0,2,2,0,18,29,0,0,3,5,0,20,0,9,0,4,16,2,0,0,0,0,0,0,0,0,0,26,0,0,0,0,0,2
CL,CHL,0,4,0,0,1,1,0,122,0,0,4,0,4,26,0,19,12,0,16,2,2,10,0,51,0,28,21,2,126,0,0,45,291,1,0,97,19,0,6,1065,0,1,0,0,0,1,0,15,0,2
CM,CMR,0,0,0,0,0,0,0,6,6,0,0,0,125,0,0,0,0,70,4,0,71,50,0,0,8,170,1,15,1,19,0,90,59,4,0,0,5,0,0,0,0,0,0,59,277,0,0,290,0,7
CN,CHN,0,80,143,0,5,2,48,289,0,2,887,0,291,8,52,250,1198,164,370,651,152,235,3,63,32,495,152,232,65,122,290,999,1788,735,277,741,190,4,5,148,0,330,126,99,91,4,651,1122,26,15
CO,COL,0,24,0,0,57,54,55,103,1,0,25,0,135,127,4,0,61,32,75,0,575,1148,1,4,20,100,70,127,3,1407,0,857,812,38,1,33,29,1,90,41,0,11,0,124,0,87,7,98,3,105
CR,CRI,0,4,0,0,20,0,5,18,0,0,0,0,583,14,0,0,25,12,8,0,272,459,0,1,26,52,1,28,1,204,0,756,336,1,0,6,8,0,1,1,6,1,0,5,3,1,0,46,0,25
CU,CUB,0,2,1,0,17,0,7,6,1,0,0,0,38,0,0,0,43,22,14,0,61,414,0,0,9,19,1,10,0,107,2,250,594,10,3,6,5,0,3,27,0,0,0,19,9,0,0,232,0,5
CV,CPV,0,0,0,0,16,0,0,14,1,0,0,0,4,0,0,0,0,2,0,0,44,3,0,1,0,9,1,37,0,19,0,1,11,10,0,49,0,0,1,0,0,0,0,0,23,0,0,2,0,2
CW,CUW,0,1,0,0,10,0,0,0,0,0,0,0,6,0,0,0,0,1,0,0,3,0,0,0,0,6,1,0,0,19,0,1,1,0,1,0,0,0,0,0,0,0,0,3,0,0,0,0,0,2
CX,CXR,0,0,0,0,0,0,0,0,0,0,0,0,3,0,0,0,0,0,0,0,2,5,0,0,0,0,0,0,0,4,0,0,3,0,0,0,0,0,0,0,0,0,0,4,0,0,0,0,0,2
CY,CYP,0,1,0,0,2,0,3,33,0,0,1,0,0,17,0,0,3,0,5,0,0,0,0,151,0,1,1,0,10,0,0,0,16,4,0,48,0,0,0,328,0,0,0,0,0,0,0,24,14,0
CZ,CZE,0,131,0,1,0,0,38,44,0,2,1049,0,2,222,18,243,295,0,142,241,2,1,4,136,0,136,79,38,769,1,0,172,341,2,27,586,219,0,109,64,5,47,0,23,0,0,0,0,1,0
DE,DEU,0,16276,0,17,2,1,1878,1799,0,67,52140,0,3,22223,83,8873,405,0,1293,18307,5,8,16,1569,3,204,1303,438,36054,0,3,401,3931,76,45,72117,683,0,897,76,11,247,0,88,5,0,4,6,19,4
DJ,DJI,0,0,0,0,0,0,0,0,0,0,0,0,0,0,0,0,0,0,0,0,0,0,0,0,0,1,0,0,0,0,0,1,0,0,0,0,0,0,0,1,0,0,0,0,6,0,0,1,0,0
DK,DNK,0,1534,0,0,0,1,232,49,1,9,5257,0,0,1796,197,479,327,0,58,1470,0,1,0,37,0,19,509,51,3909,0,1,47,721,10,4,13946,0,0,215,2,0,234,0,3,2,0,0,0,26,0
DM,DMA,0,4,0,0,4,0,2,4,0,0,0,0,0,0,0,0,1,0,0,0,23,6,0,0,4,6,2,0,0,5,0,12,5,0,0,1,0,0,1,0,0,0,0,6,0,0,0,3,0,11
DO,DOM,0,1,0,0,13,0,0,19,0,0,0,0,8,3,0,0,2,1,11,0,37,256,0,0,1,16,2,12,1,81,0,76,23,8,0,25,37,0,4,1,0,0,0,13,0,0,0,4,0,6
DZ,DZA,0,0,0,0,1,1,8,38,3,0,29,0,2,4,0,0,4,0,50,0,0,2,0,144,0,60,12,0,53,0,0,10,31,4,0,219,28,0,12,255,0,0,0,6,19,0,0,27,18,1
EC,ECU,0,29,0,0,38,4,10,71,0,0,14,0,57,110,0,0,30,6,50,0,250,1054,0,4,40,60,19,46,8,222,0,211,942,5,0,18,7,0,33,8,9,8,0,13,0,22,0,938,1,91
EE,EST,0,238,0,0,0,1,96,10,0,61,1705,0,1,295,0,148,25,0,62,281,0,0,1,13,0,22,7,35,776,0,9,9,125,1,2,987,37,0,31,5,0,18,0,7,0,0,0,2,0,0
EG,EGY,0,0,0,0,4,0,21,28,3,0,3,0,10,10,18,1,152,0,32,0,1,8,0,58,3,126,6,3,4,11,0,41,72,52,1,35,46,0,3,315,0,19,0,15,49,0,1,61,18,2
EH,ESH,0,0,0,0,0,0,0,0,0,0,0,0,0,0,0,0,0,0,0,0,0,1,0,0,0,1,0,0,0,0,0,0,0,0,0,0,0,0,0,0,0,0,0,0,0,0,0,0,0,0
ER,ERI,0,0,0,0,0,0,2,3,0,0,0,0,0,0,0,0,0,1,1,0,0,0,0,1,0,0,1,2,0,5,0,0,4,0,0,1,0,0,1,4,0,0,0,5,0,0,0,0,0,0
ES,ESP,0,1470,0,0,427,126,545,19879,1,16,9813,0,712,1347,118,1569,996,0,412,323,9,382,372,5444,0,1335,1502,234,9158,4,0,5663,8919,828,0,20986,1056,0,1500,3927,144,310,0,81,9,0,13,100,843,1
ET,ETH,0,9,0,0,1,7,27,76,4,0,0,0,0,0,6,0,13,24,369,0,1,15,0,2,4,53,16,16,5,44,0,1739,105,12,0,44,15,0,0,3076,0,12,0,62,23,0,0,40,2,3
FI,FIN,0,208,0,0,0,0,238,11,0,1,1160,0,0,1521,0,146,71,0,43,393,0,0,0,28,1,88,15,9,376,0,0,54,825,4,0,185,26,0,32,10,0,33,0,0,2,0,0,12,23,0
FJ,FJI,0,0,0,0,0,0,0,0,4,0,0,0,0,0,0,1,1,7,5,0,10,22,0,0,4,0,0,2,0,22,0,12,4,8,0,1,0,0,2,0,0,0,0,8,3,0,0,4,0,8
FK,FLK,0,0,0,0,0,0,0,0,0,0,0,0,0,0,0,0,0,0,0,0,0,0,0,0,0,0,5,0,0,0,0,0,84,0,0,0,0,0,0,0,0,0,0,0,0,0,0,0,0,0
FM,FSM,0,0,0,0,0,0,0,0,0,0,0,0,2,0,0,0,0,21,0,0,4,58,0,0,0,0,0,7,0,5,0,5,0,0,0,0,0,0,0,0,0,0,0,6,0,0,0,0,0,8
FO,FRO,0,5,0,0,0,0,0,1,0,0,0,0,0,0,0,0,0,0,0,0,0,0,0,0,0,0,0,0,0,0,0,0,0,0,0,45,0,0,1,4,0,0,0,0,0,0,0,0,0,0
FR,FRA,0,25591,0,74,3,112,526,26654,0,133,108205,7,18,50916,41,5059,273,0,1688,32800,5,36,75,1436,0,96,2452,510,42428,0,0,358,4684,198,4,216133,335,0,2070,2106,3,111,0,115,8,0,19,46,45,0
GA,GAB,0,0,0,0,0,0,0,0,2,0,0,0,6,0,0,0,6,8,0,0,58,9,0,0,3,13,0,2,0,2,0,22,0,1,0,0,0,0,0,0,0,0,0,1,8,0,0,20,0,0
GB,GBR,0,2750,0,2,10,5,99,7179,0,1888,13626,0,2,16927,325,479,176,0,558,10230,1,5,3,303,0,90,2895,142,6483,0,0,92,3169,29,19,42761,50,0,1215,89,277,155,0,33,2,0,26,50,63,1
GD,GRD,0,0,0,0,0,0,0,0,1,0,0,0,0,0,0,0,0,0,0,0,3,3,0,0,1,0,0,0,0,1,0,7,0,0,0,0,0,0,0,0,0,0,0,0,0,0,0,0,0,1
GE,GEO,0,27,0,0,0,0,72,26,0,0,90,0,8,4,0,1,193,0,109,5,0,20,0,0,0,107,33,23,65,0,0,115,135,26,0,122,416,0,34,63,0,28,0,57,0,0,0,11,0,0
GF,GUF,0,0,0,0,3,0,0,2,1,0,0,0,5,0,0,0,2,3,2,0,25,13,0,0,3,4,2,4,0,115,0,21,54,3,2,4,0,2,2,0,0,0,0,3,2,0,0,14,0,10
GG,GGY,0,0,0,0,0,0,0,9,0,0,0,0,0,1,0,0,0,0,0,0,0,0,0,0,0,0,0,0,0,0,0,0,3,0,0,9,0,0,0,0,0,0,0,0,0,0,0,0,0,0
GH,GHA,0,0,0,0,1,0,2,2,0,0,0,0,0,0,0,0,4,37,3,0,52,354,0,0,4,112,0,0,4,48,0,1184,1054,88,0,0,0,1,0,0,0,0,0,40,30,0,0,372,0,3
GI,GIB,0,0,0,0,0,0,0,5,0,0,0,0,0,0,0,0,0,0,0,0,0,0,0,11,0,0,0,0,1,0,0,0,0,0,0,4,0,0,3,1,0,0,0,0,0,0,0,0,0,0
GL,GRL,0,0,0,0,0,0,0,0,0,0,0,0,0,32,0,0,0,0,0,0,0,0,0,0,0,0,0,0,1,0,0,0,0,0,0,1,0,0,0,0,0,1,0,0,0,0,0,0,0,0
GM,GMB,0,0,0,0,0,0,0,0,1,0,0,0,0,0,0,0,0,7,0,0,1,1,0,0,0,1,0,0,0,13,0,0,4,1,0,0,0,0,0,0,0,0,0,1,5,0,0,80,0,1
GN,GIN,0,0,0,0,0,0,0,0,6,0,0,0,0,0,0,0,4,15,0,0,5,10,0,0,2,11,0,2,0,2,0,2,2,16,0,0,2,0,0,0,0,0,0,6,6,0,0,391,0,2
GP,GLP,0,6,0,0,13,2,5,5,1,0,0,2,12,0,0,4,17,20,4,0,32,31,2,0,5,25,3,5,1,50,0,31,88,12,0,6,2,2,4,1,0,2,0,19,4,1,0,15,0,7
GQ,GNQ,0,0,0,0,0,0,0,0,3,0,0,0,0,0,0,0,0,7,0,0,23,26,0,0,1,0,0,4,0,4,0,6,3,1,0,0,0,0,0,0,0,0,0,5,12,0,0,19,0,2
GR,GRC,0,8,0,0,19,10,41,483,8,0,365,0,2,919,2,12,28,0,9,16,0,6,33,1249,0,74,105,19,701,0,0,174,152,68,0,991,68,0,32,907,1,81,0,12,1,0,0,26,32,0
GS,SGS,0,0,0,0,0,0,0,0,0,0,0,0,0,0,0,0,0,0,0,0,0,0,0,0,0,0,0,0,0,0,0,0,0,0,0,1,0,0,0,0,0,0,0,0,0,0,0,0,0,0
GT,GTM,0,1,0,0,15,3,13,11,0,0,0,0,1018,17,0,0,2,2,34,0,89,724,0,0,4,36,6,52,6,40,0,967,1854,0,0,9,5,0,20,10,0,0,0,13,0,0,0,175,0,8
GU,GUM,0,1,0,0,1,0,0,0,1,0,0,0,3,0,0,0,3,15,0,0,14,11,0,0,0,5,0,4,0,7,8,2,26,3,0,0,0,1,0,0,0,0,0,2,0,0,0,2,0,0
GW,GNB,0,0,0,0,0,0,0,0,0,0,0,0,2,0,0,0,0,7,0,0,4,4,0,0,0,5,0,0,0,4,0,0,12,0,0,0,0,0,0,0,0,0,0,3,8,0,0,47,0,0
GY,GUY,0,0,0,0,4,0,0,1,3,0,1,0,12,0,0,0,2,14,0,0,49,48,0,0,1,3,1,2,0,185,0,55,7,6,0,0,0,0,0,0,0,0,0,0,0,0,0,4,0,9
HK,HKG,0,1,1,0,4,0,1,4,0,0,0,0,6,1,1,0,12,36,5,1,19,85,0,0,5,1,0,7,0,57,2,14,27,15,6,3,0,0,0,0,0,4,0,8,0,0,2,5,0,0
HM,HMD,0,0,0,0,0,0,0,0,0,0,0,0,0,0,0,0,0,0,0,0,0,0,0,0,0,0,0,0,0,0,0,0,0,0,0,0,0,0,0,0,0,0,0,0,0,0,0,0,0,0
HN,HND,0,2,0,0,4,0,2,0,0,0,0,0,174,3,0,0,0,1,6,0,61,70,0,0,0,7,0,17,0,63,0,355,549,1,0,3,4,0,2,4,0,1,0,5,0,0,0,17,0,7
HR,HRV,0,4,0,0,1,0,6,347,0,0,142,0,2,9,2,41,21,0,10,10,0,0,7,27,0,19,23,6,275,0,0,56,61,0,0,162,28,0,22,5,4,2,0,16,0,0,0,0,2,0
HT,HTI,0,1,0,0,2,0,2,18,0,0,0,0,3,0,0,0,0,4,0,0,13,6,0,0,3,2,1,7,0,18,0,18,13,2,0,24,2,0,3,0,0,0,0,5,8,0,0,9,0,5
HU,HUN,0,76,0,0,0,0,82,58,0,2,125,0,22,56,2,64,387,0,49,46,0,0,0,27,0,415,84,15,238,0,0,3149,1959,48,11,440,105,0,167,125,0,103,0,17,0,0,0,118,0,0
ID,IDN,0,3,0,0,6,1,5,20,1,20,0,0,68,0,0,1,207,307,27,0,132,398,0,1,32,64,4,43,0,770,62,339,269,277,9,34,72,0,1,8,0,0,0,88,41,0,0,473,0,16
IE,IRL,0,8,0,0,0,0,0,48,0,1,134,0,0,11,3,12,0,0,0,12,0,0,0,43,0,2,15,2,21,0,0,0,2,0,0,626,0,0,35,0,0,0,0,1,0,0,0,0,0,0
IL,ISR,0,0,0,0,1,0,15,1773,0,6,0,0,14,73,19,0,66,1,107,0,1,0,0,1197,0,29,80,0,19,0,0,112,382,12,0,1570,1,0,2,319,0,0,0,7,18,0,0,599,10,0
IM,IMN,0,1,0,0,0,0,1,55,0,33,19,0,0,21,0,0,0,0,1,6,0,0,0,1,0,1,9,1,14,0,0,0,19,0,0,574,1,0,31,0,0,0,0,0,0,0,0,0,0,0
IN,IND,0,16,1,0,144,1,92,98,7,1,53,0,409,13,106,11,1349,228,316,40,148,157,22,144,99,1011,20,170,42,1207,11,1296,791,7072,36,254,174,0,1,18026,0,120,0,143,161,0,9,7008,34,38
IO,IOT,0,0,0,0,0,0,0,0,0,0,0,0,0,0,0,0,0,2,0,0,1,0,0,0,0,0,0,0,0,0,0,2,0,1,0,0,0,0,0,0,0,0,0,0,0,0,0,0,0,0
IQ,IRQ,0,0,0,0,0,0,8,12,0,0,5,0,16,12,1,0,21,0,2,0,2,0,0,4,2,45,7,1,5,0,0,14,31,21,0,38,7,0,3,209,1,10,0,13,5,0,0,3,2,0
IR,IRN,0,5,0,0,1,1,16,20,0,0,10,0,129,5,9,2,436,0,51,7,2,0,11,9,0,573,4,0,49,0,0,180,249,363,2,187,22,0,18,15455,0,150,0,13,0,0,0,24,45,0
IS,ISL,0,0,0,0,0,0,0,2,0,0,0,0,0,7,0,0,0,0,0,0,0,0,0,0,0,0,0,0,0,0,0,0,2,0,0,1,0,0,0,0,0,0,0,0,0,0,0,0,0,0
IT,ITA,0,264,0,83,38,19,46,2433,0,32,1421,0,129,861,232,928,176,0,275,492,1,1,145,841,4,132,305,133,3755,0,2,726,1517,146,9,4177,96,0,275,1090,323,77,0,175,3,0,178,18,72,0
JE,JEY,0,1,0,0,0,0,0,8,0,0,0,0,0,1,0,0,0,0,0,0,0,0,0,0,0,0,0,0,3,1,0,0,0,0,0,13,0,0,0,0,0,0,0,0,0,0,0,0,0,0
JM,JAM,0,0,0,0,19,0,5,12,9,0,0,0,26,0,0,1,2,11,0,0,38,238,0,0,30,5,0,5,0,78,0,85,36,3,0,17,4,1,2,0,0,0,0,8,5,0,0,27,0,9
JO,JOR,0,0,0,0,0,0,0,6,0,0,0,0,6,0,0,0,10,0,1,0,0,0,0,13,0,8,3,0,0,0,0,4,14,2,0,7,5,0,0,483,0,0,0,1,1,0,0,0,3,0
JP,JPN,215,71,104,42,0,1,20,145,0,26,21,3,271,134,64,555,1060,23,74,99,52,207,6,47,15,298,24,28,56,14,762,424,575,562,448,832,95,0,49,0,38,238,381,16,39,1,936,234,4,5
KE,KEN,0,0,0,0,0,0,1,12,0,0,0,0,3,0,6,0,6,5,4,0,5,98,0,0,0,12,1,4,0,81,0,21,38,3,0,0,2,0,0,18,0,0,0,11,124,0,0,111,0,1
KG,KGZ,0,3,0,0,0,0,7,4,0,0,33,0,0,1,0,0,23,0,6,4,0,0,0,0,0,33,7,1,18,0,0,23,19,3,9,53,67,0,0,51,0,0,0,5,0,0,0,0,2,0
KH,KHM,0,0,0,0,0,0,0,0,0,0,0,0,78,0,0,0,164,28,0,0,5,1,0,0,1,22,0,2,0,22,1,22,34,151,0,0,0,0,0,0,0,0,0,2,1,0,0,7,0,0
KI,KIR,0,0,0,0,0,0,0,0,0,0,0,0,0,0,0,0,1,3,0,0,0,2,0,0,0,1,0,0,0,3,0,1,9,0,0,0,0,0,0,4,0,0,0,4,0,0,0,0,0,0
KM,COM,0,0,0,0,0,0,0,0,0,0,0,0,0,0,0,0,0,0,0,0,15,2,0,0,0,3,0,0,0,6,0,1,0,1,0,0,0,0,0,0,0,0,0,1,0,0,0,1,0,1
KN,KNA,0,0,0,0,7,0,0,0,0,0,0,0,2,0,0,0,0,0,0,0,13,0,0,0,0,0,0,0,0,7,0,0,0,0,0,0,0,0,0,0,0,0,0,1,0,0,0,0,0,0
KP,PRK,0,0,18,0,0,0,2,2,1,0,0,0,26,1,2,1,30,0,0,11,0,0,0,7,0,21,3,0,0,0,2,58,14,7,25,4,29,0,0,0,0,14,0,0,0,0,0,7,0,0
KR,KOR,0,23,95,0,3,0,0,68,0,47,4,0,36,21,2,402,57,1,93,56,22,29,4,89,18,48,0,90,6,0,411,488,139,24,221,44,31,0,0,0,1,32,127,0,0,0,123,208,0,1
KW,KWT,0,0,0,0,0,0,3,0,0,0,0,0,0,0,0,0,0,0,0,0,0,0,0,7,0,1,0,0,0,0,0,0,8,0,0,0,0,0,0,0,0,0,0,3,0,0,0,0,5,0
KY,CYM,0,0,0,0,0,0,0,0,0,0,0,0,0,0,0,0,0,0,0,0,6,2,0,0,0,1,0,0,0,21,0,1,0,0,0,0,0,0,0,0,0,0,0,0,0,0,0,0,0,0
KZ,KAZ,0,68,0,0,0,0,45,4,0,10,101,0,12,5,0,6,42,0,20,14,0,1,0,0,0,262,5,11,94,0,0,11,96,6,5,78,88,0,8,39,0,13,0,17,8,0,0,1,10,0
LA,LAO,0,0,0,0,0,0,3,1,0,0,0,0,130,0,0,1,16,7,2,0,11,18,0,0,2,73,0,4,0,18,3,17,22,221,2,0,5,0,0,0,0,0,0,4,1,0,0,67,0,0
LB,LBN,0,1,0,0,0,0,1,14,0,0,0,0,0,2,0,0,21,0,3,0,0,0,0,16,0,27,0,0,10,0,0,12,32,6,0,48,2,0,0,131,0,0,0,0,5,0,0,0,1,0
LC,LCA,0,0,0,0,0,0,0,0,0,0,0,0,0,0,0,0,0,0,0,0,4,0,0,0,0,0,0,0,0,0,0,1,2,0,0,0,0,0,0,0,0,0,0,0,0,0,0,0,0,0
LI,LIE,0,13,0,0,0,0,1,1,0,0,82,0,0,1,0,3,2,0,0,4,0,0,0,0,0,0,1,0,16,0,0,0,1,0,0,109,0,0,0,0,0,1,0,0,0,0,0,0,0,0
LK,LKA,0,0,0,0,14,0,3,1,1,0,0,0,15,0,0,0,25,24,1,0,27,25,0,0,11,13,0,5,0,116,0,125,73,138,0,0,3,0,0,15,0,0,0,6,13,0,0,52,0,6
LR,LBR,0,0,0,0,0,0,0,0,1,0,0,0,9,0,0,0,4,0,0,0,11,111,0,0,0,15,0,0,0,0,0,0,8,2,0,0,0,0,0,0,0,0,0,1,0,0,0,23,0,0
LS,LSO,0,0,0,0,0,0,0,1,0,0,0,0,0,0,0,0,0,0,0,0,0,0,0,0,0,5,1,0,0,0,0,0,0,0,0,1,0,0,0,0,0,0,0,0,0,0,0,0,0,0
LT,LTU,0,33,0,0,0,0,11,0,0,7,99,0,4,15,2,54,29,0,10,7,0,0,0,0,0,1,2,0,301,0,0,4,79,0,0,300,5,0,5,0,0,4,0,0,0,0,0,0,0,0
LU,LUX,0,27,0,0,0,0,16,42,0,1,2898,0,0,416,0,357,0,0,11,182,0,0,0,9,0,0,8,1,301,0,0,0,19,0,1,2679,0,0,21,0,0,1,0,0,0,0,0,0,10,0
LV,LVA,0,32,0,0,0,0,22,0,0,11,91,0,0,48,0,26,38,0,4,6,0,0,0,0,0,1,0,5,65,0,0,0,62,0,0,107,62,0,0,13,0,0,0,1,0,0,0,0,0,0
LY,LBY,0,0,0,0,1,0,3,4,0,0,1,0,2,0,0,0,2,0,13,0,0,1,1,8,0,39,1,0,0,0,0,67,33,10,0,30,4,0,5,14,0,0,0,2,10,0,0,30,11,0
MA,MAR,0,2,0,0,1,0,7,80,0,0,17,0,3,10,1,0,1,0,75,2,0,18,4,234,0,6,22,7,48,0,0,33,49,22,0,294,35,0,50,1207,0,2,0,0,0,0,0,88,35,1
MC,MCO,0,0,0,0,0,0,1,0,0,0,0,0,0,0,0,0,0,0,0,0,0,0,0,0,0,0,0,1,0,0,0,0,0,0,0,0,0,0,0,0,0,0,0,0,0,0,0,0,0,0
MD,MDA,0,14,0,0,0,1,22,2,1,6,20,0,0,7,0,1,77,0,0,1,0,0,0,0,0,101,8,5,9,0,0,111,609,19,0,51,45,0,10,105,0,0,0,0,0,0,0,1,0,0
ME,MNE,0,1,0,0,0,0,0,23,0,0,22,0,7,0,0,6,0,0,0,1,0,0,0,0,0,2,2,3,27,0,0,0,1,1,0,9,1,0,0,0,0,25,0,0,0,0,0,0,0,0
MF,MAF,0,2,0,0,3,0,0,0,0,0,0,0,3,0,0,0,1,0,0,0,6,4,0,0,0,1,0,0,0,8,0,6,2,0,0,0,0,0,0,0,0,0,0,3,0,0,0,2,0,2
MG,MDG,0,1,0,0,1,1,7,1,9,0,0,0,4,0,0,0,10,47,7,0,95,37,0,0,1,52,0,1,0,422,0,32,17,22,0,2,0,0,0,1,0,0,0,4,14,0,0,287,0,3
MH,MHL,0,0,0,0,0,0,0,0,0,0,0,0,4,0,0,0,1,1,0,0,1,17,0,0,0,2,0,3,0,0,0,0,9,0,0,0,0,0,0,0,0,0,0,5,1,0,0,0,0,0
MK,MKD,0,0,4,0,0,0,3,9,0,0,16,0,2,2,0,0,66,0,1,2,0,0,0,0,0,164,17,2,13,0,0,215,373,86,0,28,23,0,31,21,1,84,0,17,0,0,0,21,0,0
ML,MLI,0,0,0,0,0,0,0,0,0,0,0,0,0,1,0,0,1,39,0,0,4,6,0,0,0,208,0,0,1,4,0,4,10,1,0,0,1,0,0,0,0,0,0,1,43,0,0,438,0,0
MM,MMR,0,0,0,0,0,0,0,2,1,0,1,0,14,0,0,0,39,12,3,0,8,8,0,9,0,0,1,2,0,28,0,9,11,20,4,6,8,0,0,258,0,0,0,1,8,0,1,126,0,3
MN,MNG,0,0,0,0,1,0,9,0,0,2,0,0,2,1,0,2,14,2,7,0,0,1,0,0,0,44,2,1,1,0,0,15,19,1,13,37,4,0,0,0,0,3,0,0,0,0,0,4,0,0
MO,MAC,0,0,0,0,1,0,0,0,0,0,0,0,0,0,0,0,0,1,0,0,0,0,0,0,0,0,0,0,0,1,0,0,2,0,1,21,0,0,0,0,0,0,0,0,0,0,0,1,3,0
MP,MNP,0,0,0,0,0,0,0,0,0,0,0,0,0,0,0,0,0,12,0,0,14,18,0,0,0,1,0,0,0,20,0,4,2,2,0,0,2,0,0,0,0,0,0,2,0,0,0,1,0,3
MQ,MTQ,0,2,0,0,4,2,3,4,0,0,0,2,7,0,0,3,18,0,4,0,41,22,2,0,6,14,2,4,2,46,0,12,11,32,0,4,4,2,5,0,0,2,0,11,3,0,0,15,0,8
MR,MRT,0,0,0,0,0,0,0,0,0,0,0,0,0,0,0,0,0,17,1,0,0,1,0,0,0,155,0,0,1,1,0,1,0,0,0,2,0,0,0,0,0,0,0,3,10,0,0,1,1,0
MS,MSR,0,0,0,0,0,0,0,0,0,0,0,0,0,0,0,0,0,0,0,0,5,1,0,0,0,0,0,0,0,3,0,2,0,0,0,0,0,0,0,0,0,0,0,1,0,0,0,1,0,2
MT,MLT,0,0,0,0,3,0,0,45,0,0,0,0,1,0,2,0,0,0,5,0,0,0,0,38,0,0,2,3,3,0,0,0,0,0,0,18,0,0,1,0,0,0,0,0,1,0,0,0,0,0
MU,MUS,0,0,0,0,1,0,0,2,0,0,0,0,4,0,1,0,12,0,4,0,4,5,0,0,2,1,0,0,0,29,4,11,22,9,0,3,16,0,1,0,0,0,0,0,1,0,0,40,0,0
MV,MDV,0,0,0,0,0,0,1,0,0,0,0,0,52,0,0,0,0,2,1,0,5,0,0,0,0,78,0,0,0,20,0,98,1,88,0,0,0,0,0,0,0,0,0,56,0,0,0,0,0,1
MW,MWI,0,0,0,0,0,0,0,3,3,0,0,0,24,0,0,0,0,5,0,0,15,4,0,0,0,0,0,2,0,11,0,7,8,1,0,0,0,0,0,177,0,0,0,3,21,0,0,415,0,0
MX,MEX,0,62,0,0,521,5,42,461,18,0,62,1,2237,260,3,1,95,4,513,0,2878,1637,0,503,80,549,164,2335,36,1330,0,5586,3023,64,0,135,27,1,66,1527,7,17,0,519,12,0,4,587,141,150
MY,MYS,0,0,0,0,6,0,1,0,0,0,0,0,20,0,0,0,109,74,0,0,45,69,0,0,16,2,1,10,0,314,20,335,98,158,10,0,4,0,0,1,1,0,0,24,0,0,0,73,0,45
MZ,MOZ,0,0,0,0,0,0,0,1,1,0,0,0,0,0,0,1,0,8,2,0,9,8,0,0,1,6,2,1,0,37,0,6,1,0,0,0,0,0,0,0,0,0,0,5,20,0,0,732,0,0
NA,NAM,0,0,0,0,1,0,0,1,0,0,0,0,0,0,0,0,0,18,0,0,1,4,0,0,0,103,3,0,0,0,0,0,7,0,0,0,0,0,0,0,0,0,0,2,3,0,0,35,0,0
NC,NCL,0,2,0,0,5,0,2,3,0,0,0,0,3,0,0,2,15,8,2,2,20,53,0,3,3,14,0,10,2,34,0,5,29,12,2,0,2,4,2,2,0,2,0,16,0,0,2,3,0,9
NE,NER,0,0,0,0,0,0,2,0,0,0,0,0,0,0,0,0,0,77,0,0,1,0,0,0,0,488,0,0,0,1,0,9,12,1,0,0,2,0,0,0,0,0,0,1,93,0,0,432,0,0
NF,NFK,0,0,0,0,0,0,0,6,0,0,0,0,0,0,0,0,0,0,1,0,0,2,0,0,0,0,1,2,0,0,0,1,5,0,0,0,0,0,4,0,0,0,0,0,0,0,0,0,2,0
NG,NGA,0,0,0,0,12,0,4,0,1,0,0,0,13,0,0,0,6,141,0,0,76,61,0,0,20,322,0,5,0,18,0,84,161,24,0,6,13,0,0,8,0,0,0,16,65,0,0,993,0,34
NI,NIC,0,2,0,0,8,0,2,1,0,0,0,0,62,3,0,0,4,0,0,0,150,182,0,0,5,26,0,20,0,48,0,390,188,3,0,2,0,0,1,0,0,0,0,12,1,0,0,3,0,11
NL,NLD,0,9833,0,8,0,13,329,2635,0,98,21993,0,38,42963,247,1576,1072,0,558,7501,6,6,10,747,1,181,4475,36,23579,2,25,496,4349,208,41,56175,16,0,369,93,7,1021,0,27,1,3,0,16,36,0
NO,NOR,1,712,0,12,6,33,162,47,0,0,5858,0,1,429,6,231,21,3,117,754,3,12,1,76,5,59,54,31,899,0,8,50,427,10,49,779,163,0,84,24,17,43,2,18,1,0,2,6,15,1
NP,NPL,0,0,2,0,3,1,5,8,0,0,37,0,44,0,4,2,50,7,10,20,14,3,0,0,2,8,4,33,2,10,0,29,33,58,25,8,11,0,0,264,0,19,0,3,9,0,1,72,0,0
NR,NRU,0,0,0,0,0,0,0,0,0,0,0,0,0,0,0,0,0,0,0,0,2,0,0,0,0,0,0,0,0,1,0,0,0,0,0,0,0,0,0,0,0,0,0,0,0,0,0,0,0,0
NU,NIU,0,0,0,0,0,0,0,1,0,0,0,0,0,0,0,0,0,0,0,0,6,11,0,0,0,1,0,7,0,1,0,0,1,0,0,0,0,0,0,0,0,0,0,5,0,0,0,1,0,0
NZ,NZL,0,96,0,0,1,13,13,703,0,8,104,43,1,5,2,59,15,2,51,24,5,129,0,24,5,18,56,23,230,2,23,16,142,3,11,716,2,0,231,2,8,3,1,17,0,16,12,3,14,4
OM,OMN,0,0,0,0,10,0,3,2,0,0,0,0,0,0,0,0,28,4,32,0,1,0,0,0,0,10,5,3,1,4,0,0,4,0,0,4,0,0,0,18,0,0,0,7,2,0,0,0,0,0
PA,PAN,0,0,0,0,3,0,2,1,1,0,2,0,97,0,0,1,5,11,0,0,220,222,0,0,14,11,0,29,0,322,0,228,308,7,0,1,0,1,0,0,0,2,0,8,0,0,0,5,0,48
PE,PER,0,10,0,0,24,2,0,44,0,0,3,0,311,32,1,0,5,36,46,1,103,8222,0,9,75,70,17,59,1,322,0,317,2327,3,0,7,23,0,14,31,0,1,0,12,0,67,0,1035,0,18
PF,PYF,0,6,0,0,3,1,4,11,0,0,0,0,0,0,2,0,6,11,2,0,68,65,0,0,12,27,4,14,6,35,0,26,23,13,0,8,0,3,3,0,0,0,0,97,0,0,0,13,0,14
PG,PNG,0,0,0,0,0,0,0,0,0,1,1,0,5,0,0,0,15,21,0,0,29,1238,0,0,6,0,0,3,0,91,0,12,17,2,0,0,0,1,0,0,0,0,0,49,0,0,0,5,0,11
PH,PHL,0,0,1,0,10,0,1,3,0,0,0,0,125,0,1,0,45,67,1,0,65,522,0,0,13,29,1,27,0,233,1,228,539,587,9,1,104,0,0,0,0,0,0,37,36,0,0,182,0,10
PK,PAK,0,11,0,0,6,1,22,195,6,0,115,0,42,26,46,1,123,2,139,39,2,13,3,18,0,182,18,23,81,15,1,107,65,71,18,163,29,0,2,2016,0,79,0,28,12,0,1,58,187,3
PL,POL,0,320,0,0,0,0,322,33,0,22,601,0,0,431,77,312,1045,0,107,339,0,0,0,24,0,23,98,48,1504,0,0,405,1781,10,0,1607,476,0,289,0,33,29,0,13,0,0,0,0,1,0
PM,SPM,0,2,0,0,0,0,0,0,0,0,0,0,0,1,0,0,0,0,0,0,0,0,0,0,0,0,0,0,2,0,0,0,0,0,0,2,0,0,0,0,0,0,0,0,0,0,0,0,0,0
PN,PCN,0,0,0,0,0,0,1,0,0,1,0,0,0,0,0,0,1,0,1,0,0,6,0,0,0,0,0,1,0,3,0,0,2,0,0,0,0,0,0,0,0,0,0,2,0,0,0,0,0,0
PR,PRI,0,2,0,0,39,0,3,2,0,0,0,0,45,0,0,0,25,3,19,0,240,145,0,0,4,10,3,17,1,184,0,142,123,26,0,1,0,0,0,5,0,0,0,17,1,0,0,37,0,28
PS,PSE,0,0,0,0,0,0,0,108,0,0,0,0,0,5,0,0,0,0,13,0,0,0,0,126,0,0,8,0,1,0,0,0,4,2,0,117,6,0,2,6,0,0,0,0,0,0,0,0,0,0
PT,PRT,0,42,0,0,40,2,152,5633,1,0,2872,0,44,53,2,85,24,0,213,4,1,366,3,1879,0,102,1937,33,1847,2,0,85,154,4,0,6872,665,0,967,1783,6,11,0,8,1,0,3,73,43,5
PW,PLW,0,0,0,0,0,0,0,0,0,0,0,0,0,0,0,0,1,9,0,0,2,9,0,0,2,1,0,2,0,21,0,0,0,1,2,0,0,0,0,0,0,0,0,0,0,0,0,0,0,8
PY,PRY,0,1,0,0,1,0,2,1,1,0,0,0,14,3,0,0,0,0,21,0,73,167,0,0,0,19,2,1,0,77,0,21,2,2,0,0,0,0,2,0,0,0,0,6,2,0,0,609,0,0
QA,QAT,0,0,0,0,0,0,2,1,0,0,0,0,0,0,0,0,0,0,1,0,0,0,0,0,0,0,0,0,1,1,0,0,0,0,0,0,0,0,0,0,0,0,0,0,0,0,0,0,0,0
RE,REU,0,11,0,0,108,7,2,7,0,0,4,2,0,0,2,0,2,69,10,0,766,208,0,0,16,18,99,34,3,76,0,28,248,35,2,26,10,3,11,2,2,0,0,6,4,0,0,8,0,3
RO,ROU,0,20,1,0,0,8,69,14,10,0,142,0,4,29,0,655,274,0,59,18,0,0,2,5,0,34,12,18,219,0,0,504,384,99,2,245,194,0,61,23,0,14,0,8,0,0,0,212,0,0
RS,SRB,0,2,0,0,0,0,2,13,0,0,20,0,0,7,0,14,4,0,3,4,0,0,0,3,0,19,6,4,67,0,0,20,14,0,0,19,36,0,3,3,0,4,0,0,0,0,0,0,0,0
RU,RUS,0,4467,6,0,0,3,571,38,2,434,6203,2,56,557,24,1990,805,0,312,1503,0,1,0,16,0,1152,52,144,12977,0,1,349,2669,267,15,2557,474,0,90,673,1,54,0,24,24,0,0,141,30,0
RW,RWA,0,0,0,0,0,0,0,0,0,0,0,0,18,0,0,0,0,0,0,0,0,11,0,0,0,1,0,2,0,0,0,0,1,0,0,0,0,0,0,2,0,0,0,3,1,0,0,3,0,0
SA,SAU,0,0,0,0,2,0,2,5,0,0,0,0,3,0,0,0,0,5,17,0,0,6,0,5,0,45,3,0,1,28,0,1,3,0,0,2,1,0,0,0,0,0,0,6,9,0,0,0,1,0
SB,SLB,0,0,0,0,0,0,0,0,0,0,0,0,0,0,0,0,1,3,0,0,3,237,0,0,0,0,0,1,0,5,0,1,1,0,0,0,0,0,0,0,0,0,0,3,0,0,0,4,0,0
SC,SYC,0,1,0,0,12,0,1,0,0,0,0,0,20,0,0,1,3,15,0,0,17,16,0,0,67,1,2,7,0,13,2,6,13,16,7,2,1,0,3,0,0,0,0,8,0,0,0,2,0,13
SD,SDN,0,0,0,0,0,0,14,4,3,0,0,0,6,0,0,0,12,16,28,0,1,4,0,0,0,121,0,0,0,14,0,43,127,24,0,0,2,0,0,61,0,0,0,22,49,0,0,694,9,0
SE,SWE,0,3335,0,2,2,0,2447,393,0,0,12075,0,15,9673,74,1676,373,0,698,3181,2,18,3,437,4,734,370,807,8093,0,0,616,4119,32,64,10573,46,0,1184,128,13,339,0,70,1,0,1,9,337,1
SG,SGP,0,0,0,0,0,0,0,1,0,0,0,0,0,0,0,0,1,15,0,0,13,22,0,0,0,12,0,0,0,171,0,3,2,5,3,0,0,0,0,0,0,0,0,2,0,0,0,10,0,3
SH,SHN,0,0,0,0,0,0,1,3,0,0,0,0,0,0,0,0,0,0,0,0,0,0,0,0,0,0,1,1,0,0,0,1,6,0,0,0,0,0,2,0,0,0,0,0,0,0,0,0,0,1
SI,SVN,0,9,0,0,0,0,3,20,0,0,160,0,0,51,0,506,1,0,7,83,0,0,0,2,0,4,8,3,335,0,0,10,34,0,0,201,6,0,7,1,0,0,0,6,0,0,1,0,0,0
SJ,SJM,0,0,0,0,0,0,0,0,0,0,0,0,0,0,0,0,0,0,0,0,0,0,0,0,0,0,0,0,0,0,0,0,0,0,0,0,0,0,0,1,0,0,0,0,0,0,0,0,0,0
SK,SVK,0,46,0,0,0,0,34,3,0,0,686,0,0,54,0,44,43,1,24,130,0,0,2,26,0,66,26,6,493,0,0,137,81,6,7,370,173,0,43,86,0,16,0,5,0,0,0,0,0,0
SL,SLE,0,0,0,0,0,0,1,0,1,0,0,0,0,0,0,0,2,5,0,0,6,108,0,0,4,2,0,1,0,2,0,5,10,6,0,0,0,0,0,0,0,0,0,5,7,0,0,69,0,0
SM,SMR,0,0,0,0,0,0,0,2,0,0,0,0,1,0,0,1,0,0,1,0,0,0,0,0,0,0,0,0,2,0,0,0,0,0,0,0,0,0,2,0,0,0,0,0,0,0,0,0,0,0
SN,SEN,0,0,0,0,2,0,0,2,4,0,0,0,0,0,0,0,2,55,0,0,49,2,0,0,0,251,0,0,0,32,0,4,6,2,0,0,4,0,1,1,0,0,0,14,95,0,0,1054,0,1
SO,SOM,0,0,0,0,1,0,0,1,0,0,0,0,8,0,0,0,0,3,6,0,0,0,0,0,0,22,0,1,0,12,0,5,13,1,0,1,2,0,0,0,0,0,0,4,0,0,0,29,1,0
SR,SUR,0,5,0,0,0,0,0,2,2,2,0,0,4,0,0,1,16,20,0,0,33,37,0,0,3,3,0,1,0,118,0,9,6,3,0,0,0,0,0,0,0,0,0,3,0,0,0,15,0,6
SS,SSD,0,0,0,0,0,0,0,0,0,0,0,0,0,0,0,0,0,4,0,0,0,0,0,0,0,1,0,0,0,1,0,0,0,0,0,0,0,0,0,0,0,0,0,0,0,0,0,1,0,0
ST,STP,0,0,0,0,2,0,0,0,0,0,0,0,1,0,0,0,0,0,0,0,30,2,0,0,0,0,0,0,0,9,0,8,0,1,0,0,0,0,0,0,0,0,0,2,0,0,0,2,0,2
SV,SLV,0,10,0,0,14,0,2,10,0,0,0,0,78,4,3,0,7,0,7,0,48,22,0,1,16,15,1,8,1,78,0,397,2763,12,0,10,0,0,12,1,0,0,0,13,0,0,0,7,4,8
SX,SXM,0,0,0,0,4,0,0,0,0,0,0,0,0,0,0,0,2,0,0,0,3,1,0,0,0,1,0,0,0,0,0,1,0,0,0,0,0,0,0,0,0,0,0,3,0,0,0,0,0,0
SY,SYR,0,0,0,0,0,0,3,100,1,0,0,0,0,6,16,0,72,0,50,0,0,0,0,50,0,133,4,0,22,0,0,114,131,149,0,199,23,0,30,4062,2,84,0,0,15,0,0,3,5,0
SZ,SWZ,0,0,0,0,0,0,0,0,0,0,0,0,0,0,0,0,0,0,0,0,7,0,0,0,0,2,0,0,0,0,0,0,2,0,0,1,0,0,0,0,0,0,0,0,3,0,0,12,0,0
TC,TCA,0,0,0,0,3,0,1,0,0,0,0,0,0,0,0,0,0,0,0,0,0,0,0,0,0,0,0,0,0,0,0,2,0,0,0,0,0,0,0,0,0,0,0,0,0,0,0,0,0,0
TD,TCD,0,0,0,0,0,0,0,6,0,0,0,0,0,0,0,0,0,81,0,0,12,2,0,0,0,68,0,3,0,6,0,0,1,1,0,0,0,0,0,0,0,0,0,7,29,0,0,156,0,0
TF,ATF,0,0,0,0,1,0,0,0,0,0,0,0,0,1,0,0,0,0,1,0,0,0,0,0,0,0,1,0,2,0,0,0,2,0,0,3,0,0,2,0,0,0,0,0,0,0,0,0,0,0
TG,TGO,0,0,0,0,0,0,0,0,0,0,0,0,0,0,0,0,3,27,0,0,17,21,0,0,0,14,0,1,0,38,0,28,1,21,0,1,0,0,0,0,0,0,0,18,43,0,0,161,0,4
TH,THA,0,3,0,0,11,0,3,4,0,0,0,0,274,0,3,1,236,190,11,0,70,997,0,3,9,22,2,14,0,379,37,762,259,963,13,0,79,2,0,2,0,5,0,19,4,1,0,99,0,9
TJ,TJK,0,0,0,0,0,0,7,0,0,0,12,0,16,1,0,0,38,0,14,1,0,0,0,0,0,109,3,0,7,0,0,20,46,17,3,27,68,0,1,516,0,0,0,13,0,0,0,0,0,0
TK,TKL,0,0,0,0,0,0,0,0,0,0,0,0,0,0,0,0,0,0,0,0,0,0,0,0,0,0,0,0,0,0,0,0,0,0,0,0,0,0,0,0,0,0,0,0,0,0,0,0,0,0
TL,TLS,0,0,0,0,1,0,0,0,0,0,0,0,0,0,0,0,0,7,0,0,2,3,0,0,1,0,0,0,0,7,0,2,0,3,0,0,0,0,0,0,0,0,0,3,4,0,0,0,0,0
TM,TKM,0,0,0,0,0,0,4,3,0,0,1,0,40,0,0,0,6,0,0,1,0,0,0,0,0,188,13,0,3,0,0,1,6,2,0,4,44,0,0,43,0,13,0,1,1,0,0,4,17,0
TN,TUN,0,4,0,0,3,0,5,18,0,0,7,0,16,0,0,0,0,0,12,0,0,0,0,41,0,17,9,0,12,0,0,57,24,0,0,141,7,0,15,798,0,4,0,5,3,0,0,2,10,0
TO,TON,0,7,0,0,1,0,3,0,0,0,0,0,0,0,0,0,1,0,0,0,10,56,0,0,1,1,0,9,0,10,0,0,1,0,0,0,0,0,0,0,0,0,0,8,0,0,0,0,0,1
TR,TUR,0,58,0,0,6,0,45,86,3,0,62,0,93,48,12,13,1037,0,56,10,7,0,9,90,1,1328,43,8,269,0,1,1485,831,1097,0,836,42,0,82,8575,0,802,0,16,2,0,0,66,36,0
TT,TTO,0,0,0,0,4,0,0,1,0,0,0,0,75,0,0,0,3,10,0,0,31,20,0,0,5,9,3,2,0,21,1,28,14,12,0,0,0,0,0,0,0,0,0,2,3,0,0,13,0,7
TV,TUV,0,0,0,0,0,0,0,0,0,0,0,0,0,0,0,0,0,0,0,0,0,0,0,0,0,0,0,0,0,0,0,0,1,0,0,0,0,0,0,0,0,0,0,0,0,0,0,0,0,0
TW,TWN,5,15,1,0,11,0,10,22,2,1,383,0,38,0,7,3,241,403,26,2,1113,691,0,2,13,38,13,8,3,507,268,283,1293,53,13,6,144,0,0,1,2,29,7,80,67,0,171,194,0,9
TZ,TZA,0,0,0,0,0,3,9,8,0,0,0,0,35,0,0,0,7,25,10,0,14,22,0,1,4,22,0,9,1,101,0,79,81,22,1,0,5,0,0,210,0,0,0,31,136,0,0,895,0,4
UA,UKR,1,947,0,0,0,9,188,84,0,53,830,0,25,255,0,319,428,0,83,361,0,0,2,3,0,463,51,62,1919,0,0,637,1036,111,32,2129,127,0,87,417,0,11,0,7,0,0,0,53,10,0
UG,UGA,0,0,0,0,0,0,0,0,1,0,0,0,11,0,0,0,0,3,4,0,3,53,0,0,0,4,0,0,0,7,0,14,14,4,0,0,0,0,0,5,0,0,0,2,7,0,0,573,0,0
UM,UMI,0,0,0,0,2,0,0,0,0,0,0,0,1,0,0,0,0,0,0,0,0,0,0,0,0,1,0,0,0,0,0,2,0,0,0,0,0,0,0,0,0,0,0,0,0,0,0,0,0,0
US,USA,1,5555,26,8986,266,43,443,10503,28,219,1189,127,412,491,58,4327,2589,163,642,2129,2662,1120,12,3250,24,3017,1187,540,29076,5837,34,3910,12857,485,1028,35979,619,11,256,666,54,277,2,412,48,5,101,3993,369,74
UY,URY,0,2,0,0,0,0,2,25,0,1,0,0,0,8,0,2,0,0,2,0,0,12,0,4,0,8,2,0,54,3,0,1,12,0,0,19,4,0,0,0,0,0,0,1,0,0,0,313,0,0
UZ,UZB,0,0,0,0,0,0,58,20,0,35,21,0,181,0,0,6,147,0,48,3,0,5,136,0,0,292,8,0,8,0,0,134,100,35,4,248,126,0,1,827,0,26,0,63,0,0,0,61,9,0
VA,VAT,0,0,0,0,0,0,0,0,0,0,0,0,0,0,0,0,0,0,0,0,0,0,0,0,0,0,0,0,0,0,0,0,0,0,0,0,0,0,0,0,0,0,0,0,0,0,0,0,0,0
VC,VCT,0,0,0,0,2,0,1,1,0,0,0,0,0,0,0,0,0,0,0,0,9,25,0,0,1,2,0,0,0,4,0,2,2,3,0,0,0,0,0,0,0,0,0,2,0,0,0,1,0,0
VE,VEN,0,0,0,0,5,0,2,3,3,0,0,0,13,3,1,0,13,1,2,0,90,441,0,0,4,55,0,3,0,331,0,96,128,6,0,1,1,0,0,2,0,0,0,6,0,0,0,87,0,3
VG,VGB,0,0,0,0,2,0,1,2,0,0,0,0,0,0,0,0,0,0,0,0,1,1,0,0,0,1,0,0,0,3,0,6,0,0,0,0,0,0,0,0,0,0,0,0,0,0,0,0,0,0
VI,VIR,0,1,0,0,28,0,0,0,0,0,0,0,1,0,0,0,0,1,0,0,22,338,0,0,0,4,0,2,0,32,0,26,4,2,0,0,0,0,0,0,0,0,0,1,1,0,0,2,0,5
VN,VNM,0,0,1,1,1,0,8,1,0,0,0,0,123,0,9,0,85,34,16,0,25,11,0,4,50,97,1,4,0,60,20,219,86,182,9,2,22,0,1,0,0,1,0,21,11,0,1,417,0,2
VU,VUT,0,0,0,0,0,0,0,0,0,0,0,0,13,0,0,0,0,2,0,0,28,9,0,0,0,7,0,1,0,1,0,1,4,2,0,0,0,0,0,0,0,0,0,8,0,0,0,5,0,0
WF,WLF,0,0,0,0,0,0,0,0,0,0,0,0,0,0,0,0,0,9,0,0,0,1,0,0,0,4,0,2,0,0,0,0,0,1,0,0,0,0,0,0,0,0,0,7,0,0,0,0,0,4
WS,WSM,0,0,0,0,0,0,0,0,0,0,0,0,1,0,0,0,4,0,0,0,11,18,0,0,0,4,0,1,0,0,0,9,10,2,0,0,0,2,0,0,0,0,0,12,0,0,0,0,0,8
YE,YEM,0,0,0,0,8,0,0,9,0,0,0,0,4,0,2,0,5,0,13,0,0,0,0,2,0,15,4,0,0,4,0,49,5,4,0,2,3,0,2,0,0,0,0,11,3,0,0,8,2,0
YT,MYT,0,0,0,0,2,0,5,0,0,0,0,0,0,0,0,0,10,12,3,0,22,11,0,0,7,4,2,2,0,26,0,31,4,7,2,4,2,2,2,0,0,0,0,14,1,0,0,4,0,2
ZA,ZAF,0,17,0,0,9,0,6,252,0,0,2,0,10,1,3,4,7,6,55,0,48,55,0,60,2,286,139,13,118,23,0,25,245,58,4,105,3,0,12,0,1,3,0,11,23,0,0,428,0,1
ZM,ZMB,0,0,0,0,0,0,0,0,1,0,0,0,376,0,0,0,31,10,0,0,11,9,0,0,0,188,0,0,0,38,0,81,10,18,0,4,0,0,0,0,0,0,0,1,13,0,0,1661,0,0
ZW,ZWE,0,1,0,0,0,0,1,1,0,0,0,0,295,0,0,0,22,5,1,0,3,2,0,0,0,355,0,1,0,1,0,5,3,0,0,2,0,0,0,4,0,0,0,1,7,0,0,2078,0,0
